CNTY_TRACT_FIPS,CNTY_FIPS,TRACT,POP2000,POP2001,POP00_SQMI,WHITE,BLACK,AMERI_ES,ASIAN,HAWN_PI,OTHER,MULT_RACE,HISPANIC,MALES,FEMALES,AGE_UNDER5,AGE_5_17,AGE_18_21,AGE_22_29,AGE_30_39,AGE_40_49,AGE_50_64,AGE_65_UP,MED_AGE,MED_AGE_M,MED_AGE_F,HOUSEHOLDS,AVE_HH_SZ,HSEHLD_1_M,HSEHLD_1_F,MARHH_CHD,MARHH_NO_C,MHH_CHILD,FHH_CHILD,FAMILIES,AVE_FAM_SZ,HSE_UNITS,VACANT,OWNER_OCC,RENTER_OCC
130300,001,030300,4749,4773,2002.7,4615,10,9,96,0,6,13,43,2304,2445,284,1146,129,178,694,941,776,601,39.5,38.9,40.0,1678,2.82,83,177,645,554,9,82,1374,3.16,1716,38,1534,144
130200,001,030200,3247,3271,1811.1,3115,17,7,74,0,1,33,34,1556,1691,175,656,74,172,433,582,504,651,41.9,40.9,42.8,1259,2.57,99,187,364,421,17,61,940,3.03,1290,31,1015,244
130100,001,030100,4880,4930,2837.5,4640,81,3,78,0,24,54,57,2422,2458,269,991,290,351,669,918,716,676,38.3,36.3,40.4,1708,2.64,120,271,554,536,19,74,1261,3.14,1763,55,1500,208
130601,001,030601,3610,3627,833.0,3518,20,8,13,2,10,39,32,1728,1882,201,683,151,251,558,650,595,521,39.4,38.7,40.1,1324,2.67,108,167,363,435,13,85,989,3.10,1412,88,1073,251
130500,001,030500,3406,3410,5751.8,3243,45,11,18,1,15,73,37,1647,1759,196,566,164,505,588,511,435,441,35.0,34.2,35.6,1570,2.17,287,310,205,287,39,167,844,2.88,1693,123,513,1057
130400,001,030400,3943,3979,1493.7,3839,7,0,49,0,12,36,43,1915,2028,268,956,91,104,424,767,790,543,41.7,41.0,42.3,1366,2.88,59,137,540,513,13,43,1139,3.20,1430,64,1262,104
130602,001,030602,4344,4355,3440.4,4238,29,7,26,1,8,35,37,2019,2325,170,638,161,320,562,708,713,1072,44.3,41.7,46.8,1814,2.29,201,376,337,600,15,66,1162,2.89,1872,58,1179,635
130901,001,030901,6172,6216,2442.3,6016,40,7,33,8,5,63,50,3183,2989,395,1118,257,436,988,1119,1017,842,39.2,39.4,39.0,2051,2.88,121,167,676,768,30,75,1676,3.20,2135,84,1812,239
130902,001,030902,7025,7070,1471.6,6911,19,3,39,0,13,40,75,3244,3781,344,1023,227,432,929,1031,1311,1728,45.1,42.6,47.7,2824,2.39,215,532,608,1067,20,103,1961,2.91,2933,109,2164,660
130800,001,030800,5025,5023,2141.6,4795,52,17,64,1,28,68,84,2391,2634,197,492,1565,511,530,496,588,646,25.3,24.2,26.4,1495,2.34,164,260,259,497,24,79,977,2.88,1594,99,900,595
130700,001,030700,4247,4237,10126.6,4104,29,10,15,1,28,60,80,2016,2231,230,600,253,676,655,566,514,753,35.1,33.3,36.6,1944,2.17,313,417,269,410,28,174,1036,2.92,2043,99,614,1330
321000,003,021000,8001,8049,4983.8,7639,86,14,91,1,54,116,146,3723,4278,452,1293,295,729,1250,1392,1259,1331,39.9,37.8,41.5,3251,2.42,315,620,681,926,50,170,2107,3.01,3356,105,2618,633
321100,003,021100,5383,5391,1285.1,4991,147,29,59,0,64,93,134,2568,2815,275,914,377,552,913,774,692,886,36.6,35.7,37.5,2140,2.43,232,399,426,571,45,130,1373,3.05,2229,89,1433,707
321200,003,021200,3698,3708,4002.2,3495,47,15,69,1,39,32,93,1774,1924,211,568,150,324,567,583,594,701,40.4,38.4,42.2,1611,2.30,187,347,323,444,34,70,983,2.94,1663,52,1107,504
321300,003,021300,5153,5174,3187.4,5007,39,2,38,0,28,39,51,2438,2715,259,807,156,282,694,888,968,1099,44.2,42.1,46.0,2136,2.35,194,397,457,720,29,74,1443,2.89,2235,99,1854,282
322100,003,022100,5652,5684,1815.9,5495,38,1,62,1,8,47,47,2542,3110,268,738,183,385,731,848,1022,1477,46.2,43.6,48.3,2401,2.27,220,508,422,879,16,93,1580,2.83,2480,79,2065,336
322300,003,022300,3999,4024,1577.7,3740,45,9,128,0,33,44,80,1826,2173,198,563,136,418,627,553,563,941,41.0,38.3,43.7,2027,1.96,349,650,247,418,40,99,922,2.89,2123,96,757,1270
321401,003,021401,4523,4561,4078.0,4341,62,3,50,0,21,46,60,2155,2368,259,836,195,369,714,764,705,681,38.7,37.0,40.1,1713,2.64,117,243,434,571,26,89,1258,3.08,1759,46,1422,291
321402,003,021402,3704,3710,4362.7,3525,64,4,58,0,19,34,58,1816,1888,206,645,151,292,614,647,597,552,39.2,38.4,39.9,1500,2.45,207,242,333,440,17,76,976,3.09,1548,48,1174,326
320500,003,020500,3904,3936,2197.9,3704,48,10,71,1,28,42,101,1794,2110,257,575,170,437,567,553,587,758,39.2,37.3,41.0,1706,2.29,209,359,289,479,27,112,1035,2.93,1799,93,974,732
320400,003,020400,3112,3122,4758.3,2894,39,15,13,0,60,91,101,1571,1541,228,524,150,413,501,481,433,382,34.6,33.8,35.5,1250,2.49,187,159,246,352,46,111,822,3.04,1306,56,683,567
320601,003,020601,5798,5918,1536.5,5652,27,9,27,2,33,48,77,2826,2972,438,1135,234,497,1191,963,749,591,35.1,34.4,35.8,2011,2.82,152,175,691,629,43,101,1579,3.19,2060,49,1733,278
320703,003,020703,6335,6430,647.2,6184,29,9,47,0,11,55,50,2987,3348,364,1246,220,347,972,1124,1154,908,40.1,39.4,40.8,2293,2.67,184,312,694,775,29,111,1699,3.15,2413,120,1914,379
321501,003,021501,3334,3357,4245.0,3175,38,15,30,1,24,51,62,1589,1745,212,645,123,312,590,587,472,393,36.6,35.8,37.2,1280,2.58,142,165,287,341,26,116,890,3.07,1361,81,917,363
320702,003,020702,4524,4610,251.1,4440,6,3,13,2,9,51,48,2248,2276,272,840,180,298,742,881,769,542,39.2,38.5,39.8,1599,2.78,116,124,509,615,27,56,1283,3.11,1683,84,1465,134
320701,003,020701,1883,1925,83.4,1837,13,1,4,2,4,22,15,963,920,136,388,82,130,318,371,297,161,37.0,36.2,38.1,623,2.96,42,38,203,223,16,29,509,3.25,637,14,569,54
320300,003,020300,6035,6052,7050.5,5595,39,38,30,0,187,146,307,2910,3125,429,935,323,870,969,883,801,825,34.7,33.0,36.7,2770,2.18,507,595,378,517,57,295,1449,2.94,2963,193,959,1811
321902,003,021902,2773,2781,3187.5,2655,31,16,28,1,12,30,64,1374,1399,151,444,123,229,445,433,435,513,39.9,38.0,42.4,1112,2.48,112,181,239,345,27,54,762,2.99,1134,22,811,301
321901,003,021901,4194,4211,4548.8,4052,30,10,42,0,14,46,46,2054,2140,236,765,165,373,687,690,666,612,38.3,36.6,39.8,1656,2.53,145,262,396,522,29,106,1166,3.03,1688,32,1391,265
321800,003,021800,4167,4197,3057.3,3908,73,21,65,1,45,54,59,1952,2215,216,693,198,442,709,648,644,617,37.8,36.2,39.4,1728,2.41,179,346,384,464,29,82,1102,3.06,1771,43,1143,585
320200,003,020200,4804,4826,3955.6,4500,42,7,105,1,61,88,147,2306,2498,279,741,223,573,774,706,692,816,37.7,36.4,39.0,2080,2.30,281,396,327,577,55,146,1273,2.93,2189,109,1021,1059
321502,003,021502,4458,4493,3095.6,4262,57,5,34,0,37,63,82,2163,2295,334,867,145,390,894,740,636,452,35.9,35.3,36.4,1660,2.68,164,186,420,456,49,127,1205,3.12,1777,117,1365,295
320602,003,020602,3595,3654,1359.3,3514,19,9,13,1,8,31,49,1680,1915,191,584,154,334,564,619,665,484,39.5,38.9,40.0,1514,2.37,172,231,283,483,23,118,1019,2.86,1569,55,1146,368
322202,003,022202,3447,3573,1151.1,3248,20,1,124,2,12,40,39,1467,1980,106,284,68,255,436,447,678,1173,52.7,46.9,57.7,1935,1.73,314,711,175,500,18,30,810,2.57,2055,120,608,1327
320604,003,020604,5461,5508,3069.3,5305,30,11,18,2,30,65,97,2640,2821,384,967,217,564,934,794,777,824,36.5,34.7,38.1,2183,2.47,238,337,467,645,46,197,1492,2.98,2252,69,1420,763
321903,003,021903,4113,4108,2775.9,3958,52,12,50,4,13,24,37,1934,2179,217,697,164,339,565,618,798,715,41.2,39.7,42.1,1621,2.54,125,272,390,566,24,65,1163,3.03,1802,181,1393,228
321700,003,021700,5204,5229,5248.7,4800,66,32,71,0,34,201,117,2586,2618,329,1019,235,450,934,936,786,515,36.5,36.4,36.6,1976,2.63,246,228,460,544,53,145,1381,3.14,2090,114,1488,488
322000,003,022000,3618,3631,2729.8,3490,19,8,46,0,13,42,47,1775,1843,154,492,130,337,627,635,671,572,41.1,39.7,42.3,1625,2.17,295,296,227,468,30,82,918,2.85,1708,83,1071,554
322201,003,022201,6699,6782,1861.6,6346,59,3,190,2,32,67,113,3284,3415,370,1194,214,607,1044,1185,1304,781,39.2,38.8,39.9,2756,2.43,335,393,724,871,29,96,1855,2.99,2840,84,1927,829
320102,003,020102,5190,5230,4885.6,4873,69,28,75,2,43,100,143,2490,2700,348,830,304,693,842,774,730,669,35.0,33.1,36.4,2059,2.44,276,274,376,568,47,166,1304,3.00,2174,115,1187,872
321600,003,021600,1464,1476,993.4,1385,15,4,33,1,2,24,13,732,732,60,286,63,63,193,263,310,226,42.8,43.1,42.5,532,2.73,39,46,148,244,9,13,436,3.04,560,28,497,35
320603,003,020603,6072,6059,1660.6,5927,7,8,65,0,11,54,49,2957,3115,357,1087,254,481,998,980,1041,874,38.6,37.6,39.7,2373,2.56,228,318,568,828,40,124,1719,3.02,2445,72,1993,380
320101,003,020101,6536,6572,2597.6,6174,91,7,126,3,46,89,119,3159,3377,395,1091,287,712,1075,1113,1148,715,37.4,36.4,38.5,2633,2.48,285,370,626,818,41,151,1817,2.98,2755,122,1972,661
322400,003,022400,2224,2223,813.6,2183,8,9,13,0,2,9,24,1083,1141,127,390,70,152,317,416,431,321,41.3,41.2,41.4,857,2.60,65,98,213,336,8,40,641,2.98,906,49,764,93
320901,003,020901,4046,4075,3886.9,3903,35,7,40,0,22,39,62,1868,2178,186,642,126,410,609,620,642,811,40.7,38.3,42.8,1964,2.00,352,510,274,413,18,139,949,2.87,2142,178,868,1096
320904,003,020904,3410,3429,1043.5,3293,15,0,82,0,6,14,10,1698,1712,224,777,90,119,398,656,666,480,41.7,41.0,42.2,1179,2.89,47,92,454,469,10,36,1021,3.14,1198,19,1136,43
320903,003,020903,5492,5606,445.5,5187,39,1,202,1,9,53,45,2701,2791,345,1390,162,171,702,1202,1055,465,39.8,40.1,39.4,1817,3.01,82,116,798,641,16,51,1572,3.27,1886,69,1735,82
320800,003,020800,5085,5258,99.1,4968,14,12,29,0,12,50,35,2548,2537,356,1088,195,316,878,1096,797,359,37.4,37.5,37.3,1749,2.90,139,88,641,624,36,69,1451,3.18,1809,60,1574,175
541601,005,041601,2988,3014,2880.5,2933,8,6,10,0,9,22,23,1457,1531,143,490,102,257,496,420,474,606,40.1,38.6,41.9,1242,2.40,135,198,249,402,16,72,849,2.92,1301,59,892,350
541700,005,041700,7978,8113,301.4,7831,38,11,23,0,14,61,32,3942,4036,441,1449,315,524,1298,1399,1512,1040,39.7,39.6,39.9,3033,2.63,268,312,828,1138,51,126,2320,3.00,3275,242,2533,500
541602,005,041602,4294,4327,1328.9,4188,19,9,26,5,10,37,49,2030,2264,198,646,135,278,663,640,858,876,43.6,42.1,45.2,1802,2.37,163,329,373,666,23,59,1239,2.88,1898,96,1429,373
540101,005,040101,4643,4638,1583.5,4485,66,11,34,2,11,34,55,2302,2341,236,847,154,347,736,869,851,603,40.0,39.3,40.6,1907,2.43,232,248,440,625,42,108,1319,2.91,2097,190,1493,414
540103,005,040103,6637,6711,440.3,6285,104,16,102,2,38,90,139,3247,3390,497,1231,196,476,1078,1103,1128,928,38.6,37.5,39.8,2615,2.52,279,378,747,842,28,113,1856,3.04,2924,309,1770,845
540102,005,040102,5869,5975,993.4,5662,31,6,98,2,14,56,55,2872,2997,309,1209,173,279,834,1081,1208,776,41.3,40.9,41.7,2236,2.62,166,274,658,818,33,86,1691,3.04,2365,129,1732,504
541300,005,041300,5622,5707,588.9,5484,44,12,22,0,13,47,50,2733,2889,222,1016,156,268,684,1173,1275,828,44.2,44.2,44.3,2359,2.38,252,360,549,832,22,96,1625,2.88,2769,410,1863,496
541400,005,041400,3593,3637,159.9,3548,2,7,8,3,2,23,31,1772,1821,176,604,110,212,475,601,778,637,43.5,42.6,44.2,1475,2.44,149,212,335,560,25,49,1041,2.92,2103,628,1189,286
540200,005,040200,1584,1588,1543.6,1191,183,6,91,3,52,58,120,815,769,218,363,78,253,475,143,35,19,25.4,25.4,25.4,539,2.91,71,28,268,111,8,33,425,3.33,706,167,3,536
540303,005,040303,3703,3727,2584.5,3039,292,19,103,6,63,181,171,1799,1904,350,806,127,428,716,487,474,315,31.9,30.2,33.3,1350,2.74,105,156,437,348,19,143,1035,3.13,1453,103,536,814
540304,005,040304,2764,2815,1271.8,2459,147,17,43,4,29,65,83,1359,1405,166,482,89,250,469,465,455,388,38.7,37.5,39.8,1214,2.22,228,217,258,288,28,79,698,2.94,1249,35,634,580
540400,005,040400,6763,6853,852.4,6455,99,10,90,6,26,77,89,3268,3495,371,1087,210,408,975,1171,1278,1263,42.8,41.5,44.2,2748,2.38,352,442,629,901,34,111,1810,2.96,2985,237,1978,770
540500,005,040500,4877,4903,5270.8,3197,872,132,48,4,298,326,687,2118,2759,586,1127,290,602,759,599,492,422,28.1,26.3,28.8,2053,2.37,257,408,242,258,43,535,1226,3.03,2198,145,609,1444
540302,005,040302,2520,2529,3145.2,2304,98,10,51,0,16,41,45,1193,1327,105,380,79,149,370,404,439,594,44.5,40.6,47.9,1142,2.21,124,281,195,334,11,47,678,2.84,1210,68,793,349
541200,005,041200,1470,1461,2396.3,922,312,21,80,2,54,79,138,1031,439,41,182,386,297,319,158,61,26,24.0,23.6,26.2,230,2.72,43,19,47,27,7,50,152,3.25,234,4,1,229
540600,005,040600,4559,4584,11252.6,3835,376,17,51,7,97,176,150,2170,2389,245,642,157,630,845,684,731,625,37.1,35.9,38.0,2189,2.08,380,514,284,403,34,160,1036,2.87,2348,159,918,1271
540700,005,040700,3663,3669,4423.7,3450,80,16,37,0,29,51,88,1752,1911,158,441,135,482,591,576,725,555,40.4,38.9,41.8,1797,2.04,316,400,226,443,15,75,865,2.76,1955,158,965,832
541100,005,041100,1677,1698,5482.7,1417,131,9,30,3,35,52,85,844,833,102,182,49,215,277,302,330,220,40.4,38.7,42.4,847,1.98,155,183,80,202,10,62,400,2.64,1038,191,399,448
541000,005,041000,2178,2202,7545.7,1998,63,5,21,3,39,49,79,1159,1019,62,117,218,479,377,301,323,301,35.6,34.8,37.1,1180,1.76,347,262,59,180,13,32,333,2.54,1492,312,381,799
540800,005,040800,2887,2907,4423.7,2529,155,12,21,4,61,105,112,1328,1559,119,294,254,398,412,404,456,550,39.1,36.6,41.1,1413,1.91,295,381,129,264,10,77,558,2.74,1658,245,562,851
540900,005,040900,5164,5189,1236.8,4924,64,13,65,0,25,73,128,2349,2815,213,688,954,442,633,781,744,709,35.1,36.4,34.0,1857,2.29,260,342,372,518,16,65,1076,2.92,2303,446,1008,849
711402,007,011402,3870,3895,312.9,3786,8,3,44,0,6,23,25,1849,2021,243,748,125,208,580,751,660,555,40.3,39.4,41.1,1340,2.78,81,115,447,531,17,35,1089,3.10,1367,27,1234,106
718400,007,018400,6782,6806,4418.3,5748,208,27,132,1,472,194,829,3095,3687,507,1236,306,603,930,860,1117,1223,38.3,36.9,39.4,2639,2.47,257,434,479,814,34,368,1873,2.98,2696,57,1428,1211
718100,007,018100,2811,2837,8291.5,2229,129,9,125,3,185,131,334,1347,1464,300,555,157,435,429,338,245,352,29.4,28.9,29.8,1170,2.40,183,231,164,179,49,189,661,3.11,1258,88,195,975
717300,007,017300,3466,3494,6564.8,3152,72,11,95,0,70,66,149,1667,1799,240,645,154,405,569,551,487,415,34.5,33.8,35.5,1386,2.50,177,238,318,328,34,102,882,3.13,1485,99,625,761
718200,007,018200,2393,2408,10964.0,2106,86,9,56,0,71,65,149,1185,1208,218,377,168,377,385,320,287,261,31.2,30.6,32.2,1033,2.32,151,181,139,219,55,121,589,2.90,1090,57,226,807
712801,007,012801,3946,3931,876.8,3892,21,4,12,0,2,15,24,1767,2179,166,581,137,244,485,578,740,1015,46.7,43.3,49.2,1540,2.40,112,321,318,568,13,61,1052,2.94,1565,25,1035,505
713002,007,013002,7402,7469,299.4,7312,6,10,14,0,19,41,58,3664,3738,403,1442,351,547,1231,1466,1158,804,38.2,37.8,38.5,2569,2.80,186,195,781,964,39,110,2066,3.12,2669,100,2185,384
713001,007,013001,3358,3378,116.5,3298,8,13,9,4,5,21,29,1712,1646,162,676,191,207,553,724,570,275,38.5,38.4,38.6,1086,2.92,78,57,352,424,22,43,904,3.20,1140,54,1005,81
718000,007,018000,3145,3183,7549.0,2391,162,15,245,0,218,114,406,1542,1603,200,416,142,318,388,398,434,849,42.3,39.8,46.9,1631,1.81,418,528,129,230,32,107,593,2.91,1759,128,118,1513
717400,007,017400,4282,4321,6156.0,2947,369,23,251,0,514,178,886,1996,2286,400,991,219,486,627,561,453,545,30.6,29.3,31.6,1588,2.61,192,236,260,311,56,351,1077,3.13,1696,108,454,1134
718300,007,018300,1733,1756,14483.9,1428,138,2,56,0,42,67,149,822,911,143,355,103,243,279,212,204,194,30.9,29.9,31.6,733,2.35,125,122,106,111,12,127,414,3.07,764,31,126,607
717900,007,017900,3339,3360,10705.0,2811,158,21,171,1,95,82,220,1583,1756,269,626,209,444,553,462,345,431,31.9,32.1,31.7,1466,2.26,287,321,220,214,58,171,745,3.12,1586,120,242,1224
718500,007,018500,2892,2895,1841.3,2756,27,1,38,0,24,46,72,1339,1553,140,460,115,284,427,451,452,563,40.5,38.2,42.3,1122,2.42,126,163,224,373,18,63,759,2.90,1177,55,662,460
717700,007,017700,3620,3636,2764.2,3412,42,4,70,2,23,67,50,1768,1852,200,560,155,372,568,502,644,619,39.2,37.4,41.4,1509,2.40,163,239,285,514,34,86,1015,2.90,1559,50,958,551
717600,007,017600,2933,2961,13197.4,1853,358,8,260,7,278,169,501,1445,1488,269,758,185,415,481,360,276,189,27.0,25.8,28.2,1046,2.74,120,131,209,166,48,212,714,3.25,1128,82,245,801
717800,007,017800,2586,2596,10228.2,2151,93,1,167,0,67,107,193,1257,1329,186,382,160,380,368,315,342,453,34.9,33.0,36.7,1038,2.31,180,174,150,206,37,105,582,3.01,1125,87,283,755
712802,007,012802,2410,2438,1178.5,2363,4,6,24,0,0,13,9,1160,1250,135,424,82,168,380,433,399,389,40.3,39.1,41.2,933,2.58,83,120,243,334,7,40,694,3.02,960,27,748,185
712803,007,012803,4262,4336,234.9,4185,20,12,19,0,6,20,17,2115,2147,264,809,148,257,679,805,792,508,39.7,39.9,39.5,1481,2.85,97,108,475,591,24,45,1210,3.15,1545,64,1348,133
717500,007,017500,3242,3254,6515.9,2951,78,8,89,0,43,73,92,1576,1666,215,507,121,378,530,477,519,495,37.5,36.4,38.9,1389,2.32,192,234,251,395,41,88,864,2.92,1434,45,652,737
711403,007,011403,7007,7182,2477.6,6789,29,2,84,3,43,57,99,3352,3655,497,1229,212,580,1310,1127,976,1076,37.8,36.7,38.6,2784,2.51,243,427,763,900,40,125,1991,3.01,2833,49,2230,554
711401,007,011401,7388,7521,1057.6,7222,25,6,63,5,24,43,30,3479,3909,429,1328,234,358,1106,1270,1360,1303,41.9,40.8,42.8,2843,2.59,175,462,817,1104,17,84,2142,3.05,2909,66,2363,480
712900,007,012900,5036,5040,1401.6,4959,20,8,11,0,16,22,45,2373,2663,321,1039,244,432,878,829,572,721,35.9,34.3,37.2,1904,2.59,188,339,493,477,52,145,1283,3.16,2012,108,1081,823
711500,007,011500,6186,6360,1440.3,5849,67,4,153,0,28,85,104,2919,3267,347,1080,207,526,972,972,1009,1073,39.6,37.6,41.6,2597,2.33,312,468,515,777,43,210,1695,2.90,2702,105,1341,1256
711302,007,011302,4002,4049,2112.7,3884,21,5,24,0,28,40,43,1934,2068,238,738,162,263,607,752,693,549,39.9,39.5,40.2,1435,2.79,88,126,449,581,12,53,1180,3.11,1450,15,1305,130
711301,007,011301,3811,3843,1325.9,3666,42,3,17,0,35,48,91,1876,1935,245,650,171,357,613,589,626,560,38.2,37.1,38.9,1448,2.63,138,167,337,492,18,101,1077,3.06,1523,75,1050,398
711600,007,011600,5701,5865,597.4,5446,34,2,130,2,35,52,75,2744,2957,340,1143,214,304,766,1115,994,825,40.7,40.1,41.3,2046,2.78,122,269,677,725,21,52,1583,3.22,2078,32,1704,342
712601,007,012601,3816,3842,460.7,3559,97,2,91,1,12,54,92,2147,1669,78,257,2049,270,279,339,360,184,20.9,20.6,21.3,662,2.49,58,109,158,240,6,21,458,3.02,685,23,552,110
712602,007,012602,6941,7018,810.3,6799,39,5,46,0,6,46,44,3308,3633,345,1144,216,546,1179,1149,1238,1124,40.3,38.5,41.8,2861,2.38,319,513,598,920,41,150,1896,2.95,2922,61,2047,814
712701,007,012701,5330,5390,652.2,5252,21,7,21,0,6,23,31,2398,2932,236,945,194,247,657,871,853,1327,44.5,41.3,47.5,1864,2.59,139,351,545,612,22,56,1337,3.15,1928,64,1428,436
713102,007,013102,5274,5340,219.4,5211,15,5,7,0,6,30,33,2639,2635,311,1068,214,322,871,1016,941,531,38.6,38.6,38.7,1900,2.78,148,140,584,678,31,86,1514,3.10,2004,104,1661,239
711701,007,011701,4859,4925,2366.1,4659,31,8,65,0,53,43,93,2289,2570,237,909,163,380,715,765,753,937,40.3,38.9,41.4,2030,2.39,210,405,452,615,33,100,1347,2.98,2111,81,1231,799
711200,007,011200,5762,5818,4423.0,5456,55,6,32,0,131,82,379,2687,3075,319,1026,274,547,939,818,784,1055,37.7,36.7,38.8,2348,2.42,263,425,476,651,50,208,1555,3.01,2490,142,1178,1170
711702,007,011702,4152,4203,1397.9,4013,44,2,18,0,18,57,71,1994,2158,227,874,139,288,693,680,642,609,38.6,37.7,39.3,1570,2.63,119,232,450,470,29,109,1150,3.11,1617,47,1177,393
710900,007,010900,5063,5130,13400.2,3135,305,17,24,4,1275,303,2306,2680,2383,372,925,326,781,908,592,502,657,31.2,29.9,33.4,1651,2.76,208,266,358,284,56,233,1086,3.34,1769,118,359,1292
715700,007,015700,3766,3794,8959.0,3543,29,8,32,1,67,86,131,1795,1971,166,634,151,323,548,624,583,737,41.0,40.0,42.0,1535,2.45,148,250,317,527,24,76,1076,2.95,1571,36,1171,364
711000,007,011000,5483,5571,18419.7,2845,295,37,42,0,1870,394,2861,2650,2833,473,1198,368,704,904,695,562,579,30.0,28.9,31.4,1959,2.80,232,314,404,357,61,310,1313,3.41,2109,150,472,1487
715500,007,015500,4282,4319,12342.2,3635,157,9,24,0,259,198,474,2035,2247,312,791,225,516,714,585,561,578,34.2,33.8,34.7,1718,2.49,224,256,353,392,43,181,1128,3.05,1832,114,857,861
711100,007,011100,3863,3922,11636.6,2021,229,27,16,0,1106,464,1711,1903,1960,408,870,274,511,633,437,391,339,28.0,26.8,29.4,1335,2.89,165,174,298,198,57,245,932,3.44,1455,120,316,1019
715300,007,015300,2372,2397,14790.8,1716,239,11,2,10,248,146,510,1173,1199,188,466,140,303,392,344,247,292,32.1,31.2,32.9,978,2.42,172,179,160,146,30,142,568,3.17,1059,81,267,711
715600,007,015600,2400,2424,12889.4,2144,63,4,14,0,106,69,205,1177,1223,122,447,108,306,437,339,295,346,35.2,34.1,36.1,1028,2.33,157,181,175,247,21,96,618,2.99,1079,51,445,583
716000,007,016000,3370,3393,7537.6,2513,341,9,48,4,305,150,479,1636,1734,244,562,184,490,668,489,362,371,32.9,32.8,33.1,1567,2.14,338,339,190,225,48,169,747,3.05,1674,107,340,1227
710800,007,010800,4519,4578,15483.5,2819,272,27,46,4,1116,235,2163,2171,2348,391,894,273,619,668,544,528,602,31.3,29.8,32.7,1751,2.54,305,295,280,259,42,263,1025,3.32,1937,186,313,1438
715400,007,015400,2318,2341,16647.5,1663,224,11,22,7,277,114,623,1130,1188,199,481,138,340,373,323,242,222,30.0,29.2,30.5,908,2.54,135,149,153,133,41,140,557,3.20,965,57,184,724
715800,007,015800,3744,3773,5835.2,3517,45,4,12,0,79,87,111,1742,2002,206,612,162,352,627,566,560,659,38.7,37.2,39.9,1543,2.41,165,273,305,453,24,101,1012,2.98,1597,54,1031,512
715900,007,015900,3007,3038,10340.8,2746,73,4,31,2,62,89,168,1413,1594,217,521,114,348,508,462,415,422,35.9,34.7,36.9,1270,2.37,164,243,247,312,32,110,797,3.01,1330,60,620,650
715200,007,015200,2671,2698,11345.2,1849,279,11,39,1,390,102,766,1230,1441,138,314,137,258,335,339,387,763,43.9,40.0,49.9,1537,1.71,394,600,97,147,28,100,462,2.98,1751,214,77,1460
715100,007,015100,4955,5013,12390.0,2242,765,14,25,4,1388,517,1393,2320,2635,444,1156,319,615,756,602,551,512,29.2,27.0,30.7,1797,2.75,202,303,305,308,64,359,1209,3.40,1896,99,383,1414
712702,007,012702,4526,4540,1918.4,4456,8,11,25,2,2,22,24,2190,2336,221,793,159,253,627,845,834,794,42.3,41.4,43.4,1807,2.49,149,291,444,649,23,69,1299,3.00,1861,54,1612,195
715000,007,015000,4461,4505,9837.9,3471,242,5,34,2,488,219,532,2168,2293,285,882,224,478,795,620,641,536,34.7,33.8,35.6,1726,2.58,219,254,352,466,46,172,1175,3.14,1819,93,946,780
717100,007,017100,4939,5039,6068.8,3556,323,20,58,2,682,298,1073,2256,2683,382,1018,263,580,789,672,603,632,33.0,31.1,34.0,1909,2.58,169,303,338,442,53,303,1327,3.05,2009,100,887,1022
716800,007,016800,3008,3034,8795.6,2731,48,6,23,1,125,74,203,1417,1591,176,476,103,317,483,468,452,533,38.9,37.9,40.1,1257,2.39,128,227,260,372,25,69,837,2.94,1289,32,905,352
716100,007,016100,4493,4540,12265.2,2009,871,23,34,0,1096,460,1088,2224,2269,425,942,296,594,836,600,465,335,29.9,29.0,30.9,1716,2.61,287,222,291,235,61,298,1083,3.26,1887,171,368,1348
711800,007,011800,6498,6532,5727.3,5715,313,9,138,1,167,155,337,3189,3309,326,973,290,693,1058,1017,1092,1049,39.2,37.8,40.8,2697,2.40,366,414,492,820,42,149,1764,2.98,2809,112,1755,942
716900,007,016900,1895,1903,2604.3,1801,23,2,26,1,20,22,18,899,996,82,278,61,147,226,273,352,476,45.5,43.0,47.6,804,2.35,61,148,134,298,9,42,555,2.83,827,23,647,157
716700,007,016700,3173,3187,9726.6,2468,175,10,14,3,354,149,496,1460,1713,204,541,174,461,530,482,374,407,33.9,32.7,34.8,1387,2.25,231,276,207,241,33,166,772,2.98,1477,90,365,1022
711900,007,011900,8030,8076,4400.7,7540,174,12,97,4,110,93,260,3729,4301,330,1031,268,656,1150,1251,1619,1725,44.3,42.2,46.2,3655,2.20,447,795,561,1211,30,155,2247,2.83,3803,148,2435,1220
716300,007,016300,2621,2637,3960.1,2349,84,0,6,2,108,72,172,1246,1375,129,411,109,224,434,418,440,456,40.1,38.0,42.1,1101,2.38,117,190,216,339,14,59,732,2.92,1131,30,803,298
716600,007,016600,1894,1908,6676.8,1299,241,20,2,0,188,144,287,869,1025,147,368,102,232,299,234,216,296,33.1,30.0,36.3,703,2.44,106,119,116,125,22,120,438,3.10,755,52,238,465
712101,007,012101,6978,7025,6305.5,6391,124,12,206,0,83,162,242,3120,3858,266,811,309,857,1075,1056,1089,1515,41.6,38.2,44.6,3340,2.01,593,911,419,749,35,172,1640,2.87,3456,116,1457,1883
717000,007,017000,4479,4496,6189.4,4096,112,7,29,2,138,95,219,2076,2403,221,636,164,382,622,702,716,1036,42.9,41.0,44.8,1870,2.31,245,353,332,591,34,87,1188,2.91,1951,81,1351,519
716400,007,016400,5229,5300,10664.9,2470,767,31,67,0,1279,615,929,2534,2695,408,1151,330,670,863,721,563,523,30.7,29.7,31.7,1922,2.67,282,243,319,329,76,363,1278,3.28,2085,163,544,1378
712300,007,012300,6740,6797,1732.8,6505,38,9,81,0,43,64,119,3217,3523,359,1065,295,603,1076,1064,1143,1135,39.7,38.5,40.8,2692,2.50,247,395,559,902,39,171,1914,2.97,2792,100,1954,738
716500,007,016500,3881,3915,10284.1,3186,233,8,79,0,182,193,264,1800,2081,223,546,138,401,648,574,655,696,39.7,37.9,41.4,1771,2.19,233,415,316,412,26,89,961,2.95,1835,64,902,869
712200,007,012200,6690,6779,468.4,6549,40,12,40,5,16,28,81,3160,3530,370,1040,223,471,1074,1138,1186,1188,41.4,40.3,42.4,2498,2.60,205,382,622,897,29,65,1791,3.12,2590,92,2029,469
710102,007,010102,3434,3454,1893.3,3259,72,6,14,0,32,51,23,1499,1935,166,519,90,195,414,558,614,878,45.9,44.1,47.9,1570,2.19,143,420,286,483,18,59,948,2.88,1630,60,1092,478
702800,007,002800,5893,6027,9192.9,3730,1082,43,142,5,623,268,1252,2711,3182,497,1264,281,788,909,745,580,829,31.1,29.0,33.2,2388,2.45,288,469,350,390,82,408,1466,3.10,2558,170,883,1505
712000,007,012000,6224,6254,5659.3,5873,130,7,68,2,64,80,143,2869,3355,273,981,228,516,902,990,970,1364,42.0,39.6,44.4,2585,2.35,250,523,490,804,41,103,1682,2.95,2658,73,1865,720
702900,007,002900,6361,6456,6663.7,4838,523,54,67,0,599,280,1019,3004,3357,430,1051,261,850,1014,818,799,1138,35.6,34.8,36.3,2802,2.27,473,566,369,536,59,315,1536,3.03,3019,217,1161,1641
710101,007,010101,3885,3916,3063.3,3557,135,9,37,4,51,92,74,1896,1989,241,684,146,328,663,672,598,553,38.4,37.3,39.6,1600,2.43,214,254,356,462,22,88,1052,3.02,1659,59,1108,492
703400,007,003400,4913,4936,3989.3,4606,51,3,163,2,28,60,92,2334,2579,282,765,137,417,594,760,1020,938,43.8,41.5,45.8,2070,2.32,204,413,514,652,8,49,1286,2.90,2149,79,1563,507
703300,007,003300,4201,4210,5354.9,3505,305,8,121,1,120,141,152,1933,2268,276,487,128,615,875,655,654,511,36.2,35.2,37.4,1998,2.10,277,464,335,436,21,89,987,2.84,2087,89,993,1005
713300,007,013300,4274,4305,82.3,4157,9,10,25,4,11,58,34,2133,2141,212,893,157,226,664,868,807,447,39.8,39.7,40.1,1535,2.77,135,127,479,573,22,52,1199,3.14,1578,43,1352,183
712102,007,012102,4681,4741,7480.9,4293,118,15,89,0,87,79,265,2210,2471,258,687,218,600,803,704,669,742,37.1,36.1,38.0,2074,2.25,309,392,318,525,37,170,1213,2.93,2141,67,1138,936
713101,007,013101,4674,4766,141.1,4586,19,10,17,0,4,38,32,2335,2339,275,1010,208,292,764,1032,709,384,37.8,37.7,37.8,1659,2.82,143,131,535,567,32,83,1304,3.18,1782,123,1417,242
702400,007,002400,7562,7583,6461.3,6909,229,9,135,4,139,137,345,3151,4411,232,715,2713,570,742,744,728,1118,22.8,27.6,21.8,2073,2.34,206,400,362,657,30,93,1372,2.89,2151,78,1655,418
702700,007,002700,5377,5479,12442.2,2435,1243,92,117,5,1133,352,1702,2608,2769,474,1271,1054,734,701,488,354,301,21.7,20.8,22.6,1540,2.99,142,193,245,192,57,400,1064,3.51,1693,153,396,1144
703200,007,003200,3451,3446,12865.3,2131,651,39,94,2,328,206,335,1565,1886,200,585,229,555,615,463,488,316,32.2,30.9,33.1,1492,2.31,166,279,209,271,18,163,774,2.97,1618,126,661,831
703100,007,003100,4350,4416,9330.0,2452,1064,60,229,3,310,232,340,1997,2353,207,471,495,833,587,395,541,821,32.1,30.6,34.2,2205,1.85,504,620,90,296,17,204,725,2.77,2339,134,415,1790
702300,007,002300,5561,5654,12157.6,4396,434,21,117,4,405,184,743,2612,2949,292,713,676,815,767,663,650,985,33.1,31.1,35.5,2174,2.44,242,411,311,428,32,149,1118,3.10,2294,120,1074,1100
702000,007,002000,4698,4780,8160.5,2900,563,63,174,6,778,214,1505,2096,2602,375,965,257,540,717,581,564,699,32.6,31.3,33.7,1875,2.50,229,382,255,331,23,335,1149,3.22,1969,94,682,1193
713202,007,013202,5724,5775,150.5,5621,16,6,35,0,20,26,39,2813,2911,337,1132,219,320,829,1135,1096,656,40.2,40.4,40.0,2082,2.73,183,213,666,754,29,68,1611,3.14,2143,61,1837,245
702600,007,002600,3724,3760,14430.2,1577,626,36,487,5,705,288,1330,1850,1874,312,881,368,541,547,386,372,317,26.3,25.2,26.8,1356,2.73,217,194,232,154,48,235,794,3.54,1561,205,281,1075
702100,007,002100,7953,8112,15285.7,5169,913,85,157,38,1178,413,2277,3782,4171,564,1659,457,1004,1338,1067,808,1056,31.8,30.7,33.2,2984,2.65,327,493,592,588,87,375,1956,3.26,3217,233,1571,1413
710200,007,010200,6939,6972,6414.8,5388,446,52,45,2,407,599,164,3282,3657,407,1165,335,787,1141,897,933,1274,36.8,34.8,38.8,2763,2.44,385,519,518,668,56,221,1719,3.15,2902,139,1379,1384
712401,007,012401,7155,7212,3704.9,6898,54,4,101,1,43,54,138,3367,3788,380,1150,303,582,1084,1131,1138,1387,40.7,39.2,42.3,2725,2.57,236,398,618,940,35,158,2000,3.04,2805,80,2074,651
702500,007,002500,2522,2572,5543.5,1067,281,11,404,0,575,184,938,1236,1286,238,590,229,404,428,311,197,125,26.0,25.6,26.5,881,2.85,114,100,177,107,30,154,560,3.48,1000,119,175,706
703602,007,003602,6604,6628,20896.8,4966,288,14,917,7,152,260,360,3091,3513,57,150,4803,823,190,162,264,155,20.3,20.4,20.2,836,2.18,126,175,95,161,4,7,288,2.72,902,66,317,519
703601,007,003601,2858,2877,8769.6,2147,124,2,408,1,50,126,118,1361,1497,42,110,1133,794,262,141,224,152,22.5,23.0,22.1,1098,1.84,274,283,63,147,8,10,250,2.62,1183,85,228,870
702200,007,002200,4735,4875,15077.2,2279,693,76,230,16,1091,350,2015,2315,2420,470,1146,289,706,871,558,377,318,27.4,26.9,28.0,1593,2.93,185,176,337,209,45,340,1087,3.49,1789,196,403,1190
710300,007,010300,4181,4199,2924.2,3292,365,45,17,3,230,229,97,1980,2201,173,661,200,402,620,597,695,833,40.7,38.6,42.8,1815,2.30,252,405,317,472,25,104,1081,3.04,1888,73,1029,786
700800,007,000800,2678,2710,5404.0,1821,318,22,227,3,164,123,297,1368,1310,16,44,938,358,264,230,372,456,29.6,30.5,27.7,1381,1.31,577,478,10,124,1,12,209,2.23,1552,171,23,1358
700900,007,000900,2663,2686,13812.2,1755,320,18,140,11,262,157,698,1314,1349,124,271,613,485,328,202,237,403,26.5,26.0,26.9,1102,2.04,246,278,74,115,27,81,377,3.08,1260,158,140,962
701900,007,001900,5138,5223,11348.9,2554,600,69,358,10,1206,341,2855,2634,2504,576,1126,371,787,836,594,464,384,26.9,26.4,27.7,1767,2.91,275,230,335,205,57,347,1117,3.60,2081,314,347,1420
703500,007,003500,4567,4610,9165.0,3860,154,21,316,0,66,150,160,2254,2313,152,317,285,1233,895,551,537,597,32.5,31.4,33.6,2380,1.80,538,675,207,380,18,52,729,2.65,2526,146,646,1734
701000,007,001000,2715,2777,16934.9,1470,427,17,56,3,580,162,1075,1303,1412,211,496,205,425,397,321,336,324,30.6,29.3,32.2,1225,2.22,264,284,118,125,29,166,544,3.27,1359,134,206,1019
701800,007,001800,6352,6570,8593.9,2842,676,116,306,14,1980,418,3087,3010,3342,705,1610,405,802,974,694,602,560,26.6,25.1,27.7,2100,3.02,223,228,392,372,52,535,1554,3.49,2317,217,769,1331
712402,007,012402,2466,2488,1799.1,2349,22,3,34,8,9,41,60,1147,1319,158,364,64,193,430,354,426,477,40.6,39.4,41.7,1030,2.39,100,179,203,329,10,49,699,2.92,1062,32,819,211
701100,007,001100,2574,2636,13430.0,1440,430,20,94,2,431,157,781,1306,1268,202,403,270,575,378,296,208,242,26.8,27.7,25.9,1115,2.31,250,160,105,123,26,133,477,3.27,1319,204,201,914
710400,007,010400,7085,7123,5301.6,5723,484,29,175,3,255,416,173,3286,3799,387,1152,385,818,1121,988,1026,1208,37.3,35.6,38.8,2928,2.38,392,538,520,755,51,265,1824,3.03,3047,119,1296,1632
700700,007,000700,2683,2741,11549.7,802,931,64,59,4,618,205,1066,1290,1393,196,629,149,278,379,368,317,367,32.2,33.0,31.4,1058,2.22,291,236,72,53,20,248,485,3.40,1131,73,93,965
701200,007,001200,2675,2739,12463.9,610,757,62,100,10,968,168,1416,1241,1434,258,747,197,314,409,319,236,195,24.8,21.1,28.7,890,2.91,92,111,119,76,21,303,625,3.47,954,64,129,761
701600,007,001600,7553,7806,16263.3,3575,814,120,304,15,2183,542,3629,3686,3867,745,1829,514,1173,1177,881,651,583,26.5,25.5,27.6,2452,3.08,243,283,549,345,96,495,1760,3.56,2729,277,815,1637
701300,007,001300,4980,5126,21680.5,1813,582,75,744,9,1367,390,2277,2523,2457,422,1118,315,859,838,607,414,407,27.8,27.0,28.6,1656,2.96,227,262,328,188,56,246,1004,3.72,1815,159,386,1270
703700,007,003700,3636,3628,10568.5,2910,149,11,193,0,158,215,142,1786,1850,98,218,513,1029,527,346,409,496,29.5,29.4,29.7,1919,1.85,420,469,109,274,10,57,526,2.65,2092,173,500,1419
710501,007,010501,4525,4544,2955.7,3801,319,31,31,0,165,178,124,2073,2452,305,810,180,473,619,637,680,821,38.0,36.8,39.6,1866,2.42,180,310,330,553,23,236,1303,2.93,1916,50,1142,724
701700,007,001700,3312,3383,13477.7,2251,215,11,85,7,613,130,915,1576,1736,256,620,206,447,553,415,366,449,32.1,30.4,33.8,1320,2.51,183,224,201,252,38,186,818,3.11,1453,133,506,814
700300,007,000300,6834,6904,16002.8,1682,1698,131,630,48,2084,561,3672,3394,3440,631,1792,526,818,991,895,735,446,26.4,25.5,27.3,2194,3.06,339,238,407,283,89,496,1491,3.73,2469,275,501,1693
701400,007,001400,6531,6641,18729.0,1394,1151,85,1056,5,2301,539,3641,3342,3189,651,1810,537,814,975,751,650,343,24.5,23.2,26.1,1913,3.37,213,222,431,190,67,417,1362,3.96,2084,171,414,1499
700600,007,000600,1606,1618,2029.5,512,626,34,48,3,281,102,459,743,863,103,366,186,184,183,175,191,218,28.6,26.4,30.6,451,2.97,76,44,64,73,10,90,308,3.63,514,63,187,264
700400,007,000400,3660,3719,14684.6,636,1114,113,99,6,1378,314,2230,1728,1932,369,1136,259,404,537,431,342,182,23.1,21.7,24.4,1042,3.47,87,81,179,118,54,330,841,3.80,1172,130,311,731
713201,007,013201,4600,4672,275.8,4510,14,1,25,3,13,34,38,2253,2347,284,882,156,310,745,832,806,585,39.2,38.7,39.6,1698,2.70,135,170,505,619,15,84,1320,3.09,1761,63,1422,276
714100,007,014100,4605,4701,5679.6,3459,183,26,484,1,298,154,602,2167,2438,292,862,245,524,675,649,574,784,35.7,33.0,38.0,1904,2.41,259,428,291,365,55,193,1102,3.21,2024,120,859,1045
714700,007,014700,7009,7079,4521.5,6175,223,35,236,2,212,126,484,3240,3769,389,1197,329,749,1091,996,883,1375,37.6,35.6,39.5,3045,2.29,423,634,432,681,64,320,1804,2.96,3184,139,1304,1741
712500,007,012500,5144,5203,1804.9,4953,30,9,48,0,44,60,135,2323,2821,267,753,174,440,867,674,841,1128,41.0,38.0,43.9,2252,2.23,287,552,390,572,24,141,1326,2.96,2325,73,1123,1129
701500,007,001500,2963,3029,4418.8,1346,493,43,455,1,443,182,669,1441,1522,237,613,181,339,467,499,356,271,32.5,31.2,34.3,1043,2.84,115,136,252,212,29,134,738,3.40,1084,41,594,449
700500,007,000500,2760,2814,12168.8,390,1010,76,53,1,1055,175,1457,1289,1471,290,793,212,263,384,330,308,180,24.8,21.4,26.6,889,3.10,95,87,132,90,33,296,669,3.58,970,81,241,648
710502,007,010502,4930,4997,1802.3,4263,262,24,146,3,100,132,104,2158,2772,200,602,162,553,741,652,730,1290,42.8,39.6,46.3,2198,2.08,281,573,352,579,21,92,1198,2.80,2268,70,1086,1112
700200,007,000200,6989,7047,16533.8,1585,1583,127,621,13,2283,777,4039,3296,3693,676,1754,498,814,976,911,788,572,27.3,25.2,29.4,2125,3.19,203,244,463,329,78,469,1583,3.72,2317,192,582,1543
714800,007,014800,5219,5244,3539.8,5011,36,5,68,3,61,35,109,2404,2815,257,765,179,442,803,819,875,1079,41.8,40.2,43.0,2094,2.42,226,311,389,708,30,130,1463,2.94,2161,67,1557,537
700102,007,000102,5016,5048,4523.8,1805,1230,81,366,0,1101,433,1875,2376,2640,390,1165,339,520,753,781,654,414,31.3,29.6,32.9,1723,2.91,185,215,399,310,50,269,1228,3.47,1846,123,875,848
714000,007,014000,5599,5642,7001.8,5000,121,14,262,2,106,94,180,2617,2982,285,940,250,466,852,877,827,1102,40.1,38.3,41.7,2338,2.39,235,480,468,647,33,151,1522,3.01,2427,89,1715,623
714600,007,014600,5980,6136,578.6,5736,33,7,148,0,24,32,80,2925,3055,448,1247,209,346,1017,1223,823,667,37.7,37.2,38.0,2004,2.96,99,137,802,666,27,67,1692,3.24,2048,44,1874,130
713500,007,013500,4970,5000,9446.2,3852,385,26,235,2,234,236,490,2315,2655,236,861,502,634,772,750,620,595,33.0,31.5,34.2,1959,2.38,290,396,350,392,26,169,1113,3.13,2073,114,1014,945
713701,007,013701,4087,4127,7453.0,3618,138,27,133,5,78,88,215,1912,2175,254,726,208,445,728,684,501,541,35.7,34.4,37.2,1694,2.41,234,287,353,388,27,149,1080,3.03,1759,65,1006,688
700101,007,000101,4970,5045,5244.5,2506,895,43,160,6,741,619,1183,2489,2481,351,990,1167,552,619,491,513,287,21.8,20.8,23.8,1279,3.23,107,97,329,280,46,199,1002,3.61,1342,63,664,615
714300,007,014300,5025,5057,4761.8,4784,31,7,148,0,26,29,90,2248,2777,241,667,127,302,668,733,933,1354,46.4,44.4,48.8,2168,2.30,195,438,395,811,8,77,1461,2.85,2219,51,1567,601
714502,007,014502,4186,4209,3145.6,4072,26,6,32,4,21,25,60,1904,2282,206,585,136,355,609,656,680,959,43.0,40.1,45.9,1894,2.21,181,476,330,575,22,93,1162,2.86,1947,53,1221,673
714501,007,014501,4833,4964,1267.3,4692,22,0,82,0,6,31,47,2443,2390,343,1155,177,246,798,1079,694,341,36.8,35.9,37.3,1512,3.19,43,55,714,533,15,48,1375,3.35,1536,24,1484,28
713702,007,013702,2862,2892,8382.9,2550,29,9,167,1,63,43,94,1364,1498,143,543,109,270,493,507,374,423,37.7,35.7,39.1,1181,2.41,137,212,263,286,24,93,766,3.01,1235,54,804,377
710701,007,010701,2470,2481,2256.3,2353,47,2,21,6,6,35,12,1184,1286,127,367,79,187,386,348,444,532,42.6,39.9,44.7,1003,2.43,90,172,223,362,18,34,705,2.94,1025,22,784,219
710600,007,010600,6665,6688,6945.1,6100,260,23,39,2,90,151,110,3139,3526,366,1169,285,542,1028,1187,1028,1060,39.6,38.1,40.9,2947,2.26,433,636,506,697,46,229,1711,2.99,3094,147,1654,1293
713400,007,013400,4305,4326,6044.0,4002,120,10,31,2,59,81,111,2048,2257,258,677,157,410,681,739,723,660,39.6,37.8,41.3,1843,2.30,244,363,373,447,22,88,1057,3.03,1927,84,1111,732
713600,007,013600,2942,2969,3664.8,2496,92,15,151,5,111,72,179,1405,1537,186,564,141,295,485,487,383,401,35.9,34.5,37.1,1147,2.56,126,185,249,289,35,102,776,3.14,1197,50,763,384
713800,007,013800,5036,5089,5792.6,4619,104,11,149,3,43,107,99,2334,2702,295,845,185,467,844,834,705,861,38.7,36.5,40.7,2138,2.35,218,443,447,547,34,125,1340,2.99,2186,48,1467,671
710702,007,010702,4574,4585,6013.6,4375,55,4,34,0,25,81,41,2132,2442,253,792,175,348,702,745,805,754,40.2,39.1,41.4,1840,2.48,151,313,434,627,26,86,1309,2.97,1880,40,1526,314
713900,007,013900,2946,2962,3103.6,2745,34,6,87,1,31,42,70,1364,1582,114,407,112,187,403,432,504,787,45.9,42.6,48.9,1370,2.15,145,330,219,448,17,56,833,2.78,1398,28,943,427
714400,007,014400,3948,3963,3902.5,3804,23,2,84,2,5,28,41,1749,2199,152,458,101,214,448,521,756,1298,51.4,49.5,53.4,1855,2.11,152,467,278,710,6,52,1175,2.67,1922,67,1342,513
714200,007,014200,5717,5720,2878.7,4088,1326,30,102,0,150,21,662,4361,1356,81,419,463,1081,1521,973,695,484,35.1,33.6,41.8,808,2.22,96,164,113,285,10,39,517,2.79,825,17,672,136
950104,009,050104,4098,4148,873.2,3986,21,1,33,1,27,29,60,1998,2100,266,836,114,201,596,757,754,574,40.4,39.7,41.3,1409,2.83,82,112,484,550,19,47,1167,3.11,1459,50,1293,116
950103,009,050103,5870,5898,741.3,5385,140,85,61,1,74,124,222,2753,3117,446,1141,264,611,877,925,843,763,35.8,34.9,36.6,2381,2.45,241,402,502,579,65,291,1587,2.99,2471,90,1260,1121
950102,009,050102,2005,2027,569.3,1931,23,3,27,1,2,18,26,955,1050,107,319,54,128,272,375,478,272,43.2,42.9,43.6,838,2.38,74,129,189,318,15,21,586,2.84,914,76,683,155
950500,009,050500,6045,6141,103.6,5825,40,36,45,1,20,78,77,2972,3073,345,1244,252,401,1010,1199,1005,589,38.1,37.9,38.4,2085,2.77,179,172,660,683,38,94,1592,3.15,2196,111,1769,316
950302,009,050302,2941,2965,1229.7,2812,23,21,24,0,10,51,36,1390,1551,165,480,95,238,398,532,644,389,41.7,41.0,42.3,1291,2.28,144,255,249,389,13,83,806,2.89,1376,85,825,466
950401,009,050401,3975,4126,358.2,3838,23,14,49,5,12,34,44,2011,1964,378,825,141,248,786,787,598,212,35.7,35.1,36.2,1358,2.93,84,96,581,421,9,45,1116,3.24,1398,40,1222,136
950402,009,050402,2818,2831,364.4,2736,14,9,22,1,3,33,17,1371,1447,150,462,84,179,416,524,580,423,42.4,41.5,43.1,1200,2.34,115,194,265,402,15,69,823,2.81,1385,185,962,238
950700,009,050700,7836,8044,177.7,7587,48,70,34,0,21,76,83,3912,3924,487,1524,309,573,1393,1372,1312,866,37.6,36.8,38.3,2965,2.64,261,362,849,986,59,135,2181,3.07,3112,147,2386,579
950301,009,050301,4619,4707,683.4,4508,12,12,35,0,11,41,60,2272,2347,292,981,164,356,701,916,737,472,37.9,36.6,39.0,1677,2.68,166,186,548,474,25,95,1230,3.16,1740,63,1310,367
951303,009,051303,9199,9439,279.2,8364,76,104,506,2,21,126,107,4458,4741,565,1903,356,658,1353,1736,1472,1156,38.6,37.6,39.3,3418,2.66,293,456,1079,1046,47,135,2469,3.12,3611,193,2634,784
951502,009,051502,7351,7464,1375.4,7054,61,53,51,0,12,120,75,3627,3724,392,1364,609,745,1113,1327,1175,626,35.4,33.8,36.9,2836,2.59,273,352,693,789,44,178,1860,3.07,3356,520,2123,713
951400,009,051400,4440,4444,2348.2,3742,175,60,220,13,128,102,224,1981,2459,18,89,3789,285,76,74,70,39,19.7,19.8,19.7,220,2.32,45,36,30,40,2,10,93,3.06,235,15,75,145
950600,009,050600,7222,7399,177.0,7003,29,66,32,0,14,78,89,3623,3599,553,1461,266,535,1419,1362,1117,509,36.2,35.9,36.5,2537,2.84,183,180,860,899,47,112,2035,3.14,2620,83,2296,241
951102,009,051102,3289,3356,324.5,3161,14,32,29,2,19,32,32,1650,1639,189,502,129,233,520,564,669,483,41.7,40.9,42.1,1387,2.36,164,164,287,502,28,59,948,2.80,2165,778,1121,266
951503,009,051503,4370,4400,928.3,4139,36,62,44,2,27,60,76,2066,2304,139,380,553,655,464,551,782,846,39.9,37.3,42.1,1992,2.17,269,434,195,563,20,72,954,2.69,2478,486,945,1047
951304,009,051304,1640,1677,165.5,1610,2,7,12,0,5,4,5,790,850,72,305,48,63,216,309,349,278,43.5,42.8,44.1,669,2.45,48,98,171,254,3,22,486,2.89,737,68,592,77
951504,009,051504,4640,4724,722.0,4487,25,33,29,1,16,49,53,2258,2382,139,419,774,751,463,517,833,744,35.4,34.6,36.3,2018,2.29,257,274,206,605,17,81,1032,2.65,3325,1307,1169,849
951200,009,051200,8198,8356,1491.2,7394,168,267,90,0,43,236,132,3830,4368,588,1752,334,611,1274,1442,1105,1092,36.7,35.5,37.7,3110,2.59,288,521,812,737,61,268,2098,3.15,3270,160,2197,913
951302,009,051302,4444,4566,350.7,4330,16,11,31,0,6,50,25,2209,2235,230,762,162,320,551,827,909,683,42.4,41.8,42.9,1851,2.40,220,237,419,641,24,72,1246,2.89,3438,1587,1446,405
950801,009,050801,6147,6182,4346.8,5764,49,43,150,0,32,109,100,2937,3210,394,984,280,726,1018,816,746,1183,36.5,34.6,38.6,2713,2.20,411,610,434,559,56,238,1483,2.93,2909,196,1066,1647
951101,009,051101,4570,4664,146.3,4404,16,67,19,0,23,41,55,2243,2327,258,763,163,346,727,762,891,660,40.4,40.3,40.4,1791,2.53,175,189,428,703,30,67,1331,2.93,2632,841,1542,249
950802,009,050802,3782,3836,1752.4,3604,24,12,103,0,7,32,41,1763,2019,219,541,128,294,541,575,591,893,42.5,40.5,45.0,1633,2.26,173,352,297,513,24,77,1023,2.87,1713,80,1102,531
950902,009,050902,5691,5860,488.6,5501,35,30,42,0,19,64,65,2827,2864,400,1241,211,382,945,970,897,645,37.1,36.7,37.4,2001,2.83,155,165,633,684,53,107,1584,3.17,2162,161,1657,344
951000,009,051000,1848,1856,258.9,1819,1,5,11,0,2,10,11,888,960,66,223,33,116,193,255,496,466,50.9,50.6,51.3,898,2.06,149,162,114,334,6,31,540,2.63,2253,1355,654,244
950901,009,050901,5498,5539,564.1,5169,55,40,151,0,17,66,53,2662,2836,339,999,244,483,894,888,923,728,37.7,36.8,39.0,2157,2.51,230,320,513,640,47,160,1500,3.03,2255,98,1515,642
941500,009,041500,1010,1047,100.2,988,6,0,8,0,3,5,12,492,518,63,122,26,82,154,183,205,175,43.0,42.6,43.3,472,2.13,81,84,77,128,5,19,250,2.82,1606,1134,320,152
